﻿id_url,name,detail,price,promotion_price,image,Manufacturer,quantity,deleted
7,Fall Guys: Ultimate Knockout,"<p>Bạn sẽ vào vai 1 hạt đậu rơi từ trên trời xuống để bắt đầu ""Shows"" Đó là cách Fall Guys bắt đầu trò chơi. Tối đa 60 hạt đậu với nhiều màu sắc khác nhau từ skin tự chọn. Tất cả sẽ tham gia vào từng màn game nhỏ để tìm ra người tồn tại sau cùng. 25 màn game khá đa dạng, chia thành 2 loại chơi đơn và phối hợp đồng đội. Chủ yếu là các cuộc đua vượt chướng ngại vật và một số game liên quan đến quả bóng tròn, đuổi bắt đuôi nhau. Game được lấy cảm hứng từ những gameshow thử thách trên truyền hình, vì vậy mục tiêu duy nhất của bạn sẽ chỉ là trở thành người về đích đầu tiên.Nhà phát triển Mediatonic đã nói rằng họ sẽ thêm vào các màn game mới trong tương lai. Việc trở thành cơn sốt của Fall Guys là một điều khá bất ngờ với giới chuyên môn</p>",187000,0,fall-guys-ultimate-knockout.jpg,Việt Nam,14,0
8,Apex Legends - 1000 Apex Coins,<p>Sản phẩm game hay nhất tháng 9 năm 2020</p>,360000,350000,apex-legends.jpg,Thái Lan,13,0
9,Metro 2033 Redux,"<p>Năm 2013, thế giới bị tàn phá bởi một sự kiện khải huyền, tiêu diệt gần như toàn bộ nhân loại và biến bề mặt Trái đất thành một vùng đất hoang độc. Một số ít những người sống sót đã ẩn náu ở sâu dưới lòng đất Moscow, và nền văn minh nhân loại bước vào một Kỷ nguyên đen tối mới. Năm 2033.</p>",187000,0,metro-2033.jpg,Campuchia,20,0
10,Crusader Kings III,<p>Paradox Development Studio mang đến cho bạn phần tiếp theo của một trong những trò chơi chiến lược phổ biến nhất từng được sản xuất. Crusader Kings III là người thừa kế một di sản lâu đời của kinh nghiệm chiến lược vĩ đại lịch sử và đến với một loạt các cách thức mới để đảm bảo sự thành công của ngôi nhà hoàng gia của bạn.</p>,389000,0,crusader-kings-iii.jpg,Hàn Quốc,25,0
11,Battlefield 4,<p>Battlefield 4 là game bắn súng góc nhìn thứ nhất được phát triển bởi DICE - EA Digital Illusions CE và được xuất bản bởi Electronic Arts. Trò chơi là phần tiếp theo của Battlefield 3 và phần thứ 13 trong loạt Battlefield</p>,400000,300000,battlefield-4.jpg,Nhật,11,0
